,p,q,length,size
846,0.0,0.0,1.0,0.0004000000000000001
845,0.0,0.1,1.0,0.0004000000000000001
844,0.0,0.2,1.0,0.0004000000000000001
843,0.0,0.3,1.0,0.0004000000000000001
842,0.0,0.4,1.0,0.0004000000000000001
841,0.0,0.5,1.0,0.0004000000000000001
840,0.0,0.6,1.0,0.0004000000000000001
839,0.0,0.7,1.0,0.0004000000000000001
838,0.0,0.8,1.0,0.0004000000000000001
837,0.0,0.9,1.0,0.0004000000000000001
836,0.0,1.0,1.0,0.0004000000000000001
835,0.0025,0.0,1.0,0.0004000000000000001
834,0.0025,0.1,1.0,0.0004000000000000001
833,0.0025,0.2,1.02,0.0004080000000000001
832,0.0025,0.3,1.0,0.0004000000000000001
831,0.0025,0.4,1.02,0.0004080000000000001
830,0.0025,0.5,1.02,0.0004080000000000001
829,0.0025,0.6,1.02,0.0004080000000000001
828,0.0025,0.7,1.02,0.00041600000000000014
827,0.0025,0.8,1.0,0.0004000000000000001
826,0.0025,0.9,1.0,0.0004000000000000001
825,0.0025,1.0,1.0,0.0004000000000000001
824,0.005,0.0,1.0,0.0004000000000000001
823,0.005,0.1,1.0,0.0004000000000000001
822,0.005,0.2,1.0,0.0004000000000000001
821,0.005,0.3,1.02,0.0004080000000000001
820,0.005,0.4,1.0,0.0004000000000000001
819,0.005,0.5,1.04,0.00041600000000000014
818,0.005,0.6,1.04,0.00041600000000000003
817,0.005,0.7,1.02,0.0004080000000000001
816,0.005,0.8,1.04,0.00041600000000000014
815,0.005,0.9,1.0,0.0004000000000000001
814,0.005,1.0,1.0,0.0004000000000000001
813,0.0075,0.0,1.06,0.00042400000000000006
812,0.0075,0.1,1.08,0.0004320000000000001
811,0.0075,0.2,1.02,0.0004080000000000001
810,0.0075,0.3,1.0,0.0004000000000000001
809,0.0075,0.4,1.06,0.00042400000000000006
808,0.0075,0.5,1.02,0.0004080000000000001
807,0.0075,0.6,1.0,0.0004000000000000001
806,0.0075,0.7,1.08,0.00043200000000000004
805,0.0075,0.8,1.0,0.0004000000000000001
804,0.0075,0.9,1.04,0.00041600000000000003
803,0.0075,1.0,1.06,0.00042400000000000006
802,0.01,0.0,1.06,0.00042400000000000006
801,0.01,0.1,1.06,0.00042400000000000006
800,0.01,0.2,1.04,0.00041600000000000014
799,0.01,0.3,1.04,0.00041600000000000014
798,0.01,0.4,1.02,0.0004080000000000001
797,0.01,0.5,1.06,0.00042400000000000006
796,0.01,0.6,1.0,0.0004000000000000001
795,0.01,0.7,1.06,0.00042400000000000006
794,0.01,0.8,1.08,0.0004400000000000001
793,0.01,0.9,1.0,0.0004000000000000001
792,0.01,1.0,1.06,0.0004320000000000001
791,0.0125,0.0,1.06,0.0004320000000000001
790,0.0125,0.1,1.04,0.00042400000000000006
789,0.0125,0.2,1.02,0.0004080000000000001
788,0.0125,0.3,1.04,0.00041600000000000014
787,0.0125,0.4,1.04,0.00041600000000000003
786,0.0125,0.5,1.04,0.00041600000000000014
785,0.0125,0.6,1.06,0.00042400000000000006
784,0.0125,0.7,1.02,0.0004080000000000001
783,0.0125,0.8,1.06,0.00042400000000000006
782,0.0125,0.9,1.02,0.0004080000000000001
781,0.0125,1.0,1.04,0.00041600000000000014
780,0.015,0.0,1.04,0.00041600000000000014
779,0.015,0.1,1.08,0.0004320000000000001
778,0.015,0.2,1.02,0.0004080000000000001
777,0.015,0.3,1.06,0.0004320000000000001
776,0.015,0.4,1.08,0.0004320000000000001
775,0.015,0.5,1.06,0.00042400000000000006
774,0.015,0.6,1.02,0.0004080000000000001
773,0.015,0.7,1.06,0.00042400000000000006
772,0.015,0.8,1.0,0.0004000000000000001
771,0.015,0.9,1.1,0.00044800000000000005
770,0.015,1.0,1.06,0.00042400000000000006
769,0.0175,0.0,1.16,0.0004640000000000001
768,0.0175,0.1,1.06,0.00042400000000000006
767,0.0175,0.2,1.12,0.00044800000000000005
766,0.0175,0.3,1.12,0.00044800000000000005
765,0.0175,0.4,1.14,0.00046400000000000006
764,0.0175,0.5,1.02,0.0004080000000000001
763,0.0175,0.6,1.04,0.00041600000000000014
762,0.0175,0.7,1.1,0.0004400000000000001
761,0.0175,0.8,1.1,0.00044800000000000005
760,0.0175,0.9,1.06,0.00042400000000000006
759,0.0175,1.0,1.1,0.0004400000000000001
758,0.02,0.0,1.14,0.0004560000000000001
757,0.02,0.1,1.0,0.0004000000000000001
756,0.02,0.2,1.1,0.0004400000000000001
755,0.02,0.3,1.04,0.00041600000000000014
754,0.02,0.4,1.16,0.00047200000000000003
753,0.02,0.5,1.04,0.00041600000000000014
752,0.02,0.6,1.12,0.0004640000000000001
751,0.02,0.7,1.06,0.0004400000000000001
750,0.02,0.8,1.06,0.00042400000000000006
749,0.02,0.9,1.12,0.00044800000000000005
748,0.02,1.0,1.02,0.0004080000000000001
747,0.0225,0.0,1.08,0.0004320000000000001
746,0.0225,0.1,1.08,0.00043200000000000004
745,0.0225,0.2,1.14,0.0004560000000000001
744,0.0225,0.3,1.18,0.00048800000000000004
743,0.0225,0.4,1.08,0.00043200000000000004
742,0.0225,0.5,1.08,0.0004320000000000001
741,0.0225,0.6,1.18,0.00047200000000000003
740,0.0225,0.7,1.08,0.00044000000000000007
739,0.0225,0.8,1.08,0.0004400000000000001
738,0.0225,0.9,1.08,0.00043200000000000004
737,0.0225,1.0,1.12,0.00044800000000000016
736,0.025,0.0,1.1,0.0004400000000000001
735,0.025,0.1,1.12,0.0004560000000000001
734,0.025,0.2,1.08,0.0004320000000000001
733,0.025,0.3,1.18,0.00048000000000000007
732,0.025,0.4,1.06,0.00042400000000000006
731,0.025,0.5,1.1,0.0004400000000000001
730,0.025,0.6,1.12,0.00044800000000000005
729,0.025,0.7,1.12,0.00044800000000000005
728,0.025,0.8,1.06,0.00042400000000000006
727,0.025,0.9,1.16,0.0004640000000000001
726,0.025,1.0,1.1,0.0004560000000000001
725,0.0275,0.0,1.06,0.00042400000000000006
724,0.0275,0.1,1.14,0.000456
723,0.0275,0.2,1.14,0.000456
722,0.0275,0.3,1.06,0.0004320000000000001
721,0.0275,0.4,1.08,0.0004320000000000001
720,0.0275,0.5,1.06,0.00042400000000000006
719,0.0275,0.6,1.14,0.0004640000000000001
718,0.0275,0.7,1.14,0.00047200000000000003
717,0.0275,0.8,1.16,0.00047200000000000014
716,0.0275,0.9,1.18,0.00047200000000000003
715,0.0275,1.0,1.12,0.0004560000000000001
714,0.03,0.0,1.1,0.00044000000000000007
713,0.03,0.1,1.04,0.00041600000000000014
712,0.03,0.2,1.02,0.00040800000000000005
711,0.03,0.3,1.22,0.0004880000000000001
710,0.03,0.4,1.12,0.00044800000000000005
709,0.03,0.5,1.1,0.00044800000000000005
708,0.03,0.6,1.1,0.0004400000000000001
707,0.03,0.7,1.06,0.00042400000000000006
706,0.03,0.8,1.24,0.0005040000000000001
705,0.03,0.9,1.2,0.00048000000000000007
704,0.03,1.0,1.1,0.00044000000000000007
703,0.0325,0.0,1.12,0.00044800000000000005
702,0.0325,0.1,1.16,0.00047200000000000003
701,0.0325,0.2,1.14,0.0004560000000000001
700,0.0325,0.3,1.18,0.0005200000000000001
699,0.0325,0.4,1.12,0.0004560000000000001
698,0.0325,0.5,1.18,0.00048
697,0.0325,0.6,1.18,0.00047200000000000003
696,0.0325,0.7,1.24,0.0005120000000000001
695,0.0325,0.8,1.06,0.0004320000000000001
694,0.0325,0.9,1.2,0.0005040000000000001
693,0.0325,1.0,1.18,0.00047200000000000003
692,0.035,0.0,1.26,0.0005200000000000001
691,0.035,0.1,1.2,0.00048
690,0.035,0.2,1.12,0.000456
689,0.035,0.3,1.08,0.00043999999999999996
688,0.035,0.4,1.2,0.0004800000000000002
687,0.035,0.5,1.14,0.0004640000000000001
686,0.035,0.6,1.18,0.00048
685,0.035,0.7,1.14,0.000456
684,0.035,0.8,1.16,0.00047200000000000003
683,0.035,0.9,1.08,0.0004320000000000001
682,0.035,1.0,1.14,0.00047200000000000003
681,0.0375,0.0,1.12,0.0004560000000000001
680,0.0375,0.1,1.12,0.00044800000000000016
679,0.0375,0.2,1.12,0.00044800000000000005
678,0.0375,0.3,1.14,0.000456
677,0.0375,0.4,1.1,0.00045600000000000013
676,0.0375,0.5,1.16,0.00046400000000000006
675,0.0375,0.6,1.14,0.00046400000000000006
674,0.0375,0.7,1.3,0.0005360000000000001
673,0.0375,0.8,1.12,0.0004640000000000001
672,0.0375,0.9,1.12,0.00044800000000000005
671,0.0375,1.0,1.18,0.0004880000000000001
670,0.04,0.0,1.12,0.00044800000000000016
669,0.04,0.1,1.16,0.00048
668,0.04,0.2,1.24,0.000544
667,0.04,0.3,1.14,0.0004640000000000001
666,0.04,0.4,1.12,0.00045600000000000013
665,0.04,0.5,1.18,0.0005040000000000001
664,0.04,0.6,1.24,0.0005200000000000001
663,0.04,0.7,1.12,0.00044800000000000005
662,0.04,0.8,1.2,0.0005040000000000001
661,0.04,0.9,1.12,0.0004640000000000001
660,0.04,1.0,1.16,0.00048
659,0.0425,0.0,1.16,0.0004640000000000001
658,0.0425,0.1,1.14,0.00048
657,0.0425,0.2,1.12,0.00044800000000000005
656,0.0425,0.3,1.08,0.00043200000000000004
655,0.0425,0.4,1.18,0.0004800000000000002
654,0.0425,0.5,1.22,0.00052
653,0.0425,0.6,1.18,0.00047200000000000003
652,0.0425,0.7,1.14,0.0004560000000000001
651,0.0425,0.8,1.18,0.00048799999999999994
650,0.0425,0.9,1.16,0.00046400000000000006
649,0.0425,1.0,1.08,0.0004400000000000001
648,0.045,0.0,1.18,0.0004880000000000001
647,0.045,0.1,1.24,0.0005280000000000001
646,0.045,0.2,1.3,0.0005600000000000001
645,0.045,0.3,1.2,0.0005040000000000001
644,0.045,0.4,1.56,0.0006479999999999999
643,0.045,0.5,1.32,0.000528
642,0.045,0.6,1.18,0.00048000000000000007
641,0.045,0.7,1.24,0.0005200000000000001
640,0.045,0.8,1.24,0.0005040000000000001
639,0.045,0.9,1.18,0.00047200000000000014
638,0.045,1.0,1.06,0.0004320000000000001
637,0.0475,0.0,1.08,0.00043200000000000004
636,0.0475,0.1,1.18,0.00047200000000000003
635,0.0475,0.2,1.06,0.0004320000000000001
634,0.0475,0.3,1.2,0.0004880000000000001
633,0.0475,0.4,1.34,0.000536
632,0.0475,0.5,1.34,0.000576
631,0.0475,0.6,1.12,0.0004560000000000001
630,0.0475,0.7,1.2,0.0004960000000000001
629,0.0475,0.8,1.36,0.0005520000000000001
628,0.0475,0.9,1.14,0.00045600000000000013
627,0.0475,1.0,1.2,0.0005040000000000001
626,0.05,0.0,1.1,0.00044800000000000005
625,0.05,0.1,1.3,0.0006079999999999999
624,0.05,0.2,1.26,0.0005280000000000001
623,0.05,0.3,1.24,0.0005040000000000001
622,0.05,0.4,1.18,0.00047200000000000003
621,0.05,0.5,1.28,0.000528
620,0.05,0.6,1.16,0.000472
619,0.05,0.7,1.14,0.0004640000000000001
618,0.05,0.8,1.14,0.0004560000000000001
617,0.05,0.9,1.36,0.0005760000000000001
616,0.05,1.0,1.22,0.000496
615,0.0525,0.0,1.26,0.000528
614,0.0525,0.1,1.12,0.00044800000000000005
613,0.0525,0.2,1.12,0.00044800000000000005
612,0.0525,0.3,1.26,0.0005440000000000002
611,0.0525,0.4,1.18,0.0004880000000000001
610,0.0525,0.5,1.26,0.000504
609,0.0525,0.6,1.14,0.000456
608,0.0525,0.7,1.38,0.0006000000000000001
607,0.0525,0.8,1.06,0.00042400000000000006
606,0.0525,0.9,1.28,0.0005520000000000001
605,0.0525,1.0,1.24,0.0005120000000000001
604,0.055,0.0,1.1,0.0004400000000000001
603,0.055,0.1,1.2,0.00048800000000000004
602,0.055,0.2,1.2,0.0005280000000000001
601,0.055,0.3,1.3,0.0005680000000000001
600,0.055,0.4,1.34,0.0005360000000000001
599,0.055,0.5,1.3,0.000536
598,0.055,0.6,1.22,0.000496
597,0.055,0.7,1.34,0.000544
596,0.055,0.8,1.12,0.0004640000000000001
595,0.055,0.9,1.1,0.0004400000000000001
594,0.055,1.0,1.3,0.000528
593,0.0575,0.0,1.16,0.0004880000000000001
592,0.0575,0.1,1.24,0.000528
591,0.0575,0.2,1.24,0.0005360000000000001
590,0.0575,0.3,1.18,0.00047200000000000003
589,0.0575,0.4,1.24,0.0005040000000000001
588,0.0575,0.5,1.46,0.0006160000000000001
587,0.0575,0.6,1.26,0.0005280000000000001
586,0.0575,0.7,1.48,0.000616
585,0.0575,0.8,1.28,0.0005440000000000002
584,0.0575,0.9,1.34,0.0005520000000000001
583,0.0575,1.0,1.2,0.0004880000000000001
582,0.06,0.0,1.12,0.00044800000000000005
581,0.06,0.1,1.12,0.0004640000000000001
580,0.06,0.2,1.16,0.0005040000000000001
579,0.06,0.3,1.26,0.0005120000000000001
578,0.06,0.4,1.38,0.0005840000000000001
577,0.06,0.5,1.12,0.00044800000000000005
576,0.06,0.6,1.22,0.0005120000000000001
575,0.06,0.7,1.22,0.0004960000000000001
574,0.06,0.8,1.4,0.0005920000000000001
573,0.06,0.9,1.24,0.0005200000000000001
572,0.06,1.0,1.2,0.00048
571,0.0625,0.0,1.34,0.0005520000000000001
570,0.0625,0.1,1.22,0.0005040000000000001
569,0.0625,0.2,1.2,0.0004880000000000001
568,0.0625,0.3,1.2,0.0005040000000000001
567,0.0625,0.4,1.14,0.00047200000000000003
566,0.0625,0.5,1.32,0.000624
565,0.0625,0.6,1.44,0.0006240000000000001
564,0.0625,0.7,1.18,0.0004880000000000001
563,0.0625,0.8,1.3,0.000576
562,0.0625,0.9,1.3,0.000528
561,0.0625,1.0,1.18,0.00048000000000000007
560,0.065,0.0,1.94,0.001104
559,0.065,0.1,1.34,0.0005600000000000001
558,0.065,0.2,1.28,0.0005360000000000001
557,0.065,0.3,1.26,0.0005200000000000001
556,0.065,0.4,1.38,0.0005680000000000001
555,0.065,0.5,1.26,0.0005120000000000001
554,0.065,0.6,1.6,0.0007519999999999998
553,0.065,0.7,1.14,0.0004640000000000001
552,0.065,0.8,1.12,0.00044800000000000005
551,0.065,0.9,1.22,0.000496
550,0.065,1.0,1.36,0.000576
549,0.0675,0.0,1.46,0.000616
548,0.0675,0.1,1.3,0.000544
547,0.0675,0.2,1.16,0.00047200000000000003
546,0.0675,0.3,1.32,0.0005520000000000001
545,0.0675,0.4,1.28,0.0005520000000000001
544,0.0675,0.5,1.74,0.0008959999999999999
543,0.0675,0.6,1.52,0.00068
542,0.0675,0.7,1.42,0.0006320000000000001
541,0.0675,0.8,1.32,0.0005600000000000001
540,0.0675,0.9,1.5,0.00064
539,0.0675,1.0,1.44,0.000616
538,0.07,0.0,1.32,0.000544
537,0.07,0.1,1.26,0.000528
536,0.07,0.2,1.42,0.0006320000000000001
535,0.07,0.3,1.84,0.000896
534,0.07,0.4,1.5,0.0006639999999999999
533,0.07,0.5,1.82,0.001
532,0.07,0.6,1.4,0.0005840000000000001
531,0.07,0.7,1.62,0.000728
530,0.07,0.8,1.46,0.000696
529,0.07,0.9,1.3,0.0005920000000000001
528,0.07,1.0,1.22,0.0004960000000000001
527,0.0725,0.0,1.5,0.0006000000000000001
526,0.0725,0.1,1.58,0.0006720000000000001
525,0.0725,0.2,1.28,0.000536
524,0.0725,0.3,1.24,0.0005360000000000001
523,0.0725,0.4,1.34,0.0005760000000000001
522,0.0725,0.5,1.56,0.000672
521,0.0725,0.6,1.5,0.000696
520,0.0725,0.7,1.96,0.000912
519,0.0725,0.8,1.24,0.0005200000000000001
518,0.0725,0.9,1.34,0.0006000000000000001
517,0.0725,1.0,1.3,0.0005680000000000001
516,0.075,0.0,1.64,0.0007040000000000001
515,0.075,0.1,1.46,0.0006719999999999999
514,0.075,0.2,1.52,0.000696
513,0.075,0.3,1.64,0.0007359999999999997
512,0.075,0.4,1.4,0.0006
511,0.075,0.5,1.44,0.0005840000000000001
510,0.075,0.6,1.78,0.0008640000000000001
509,0.075,0.7,1.3,0.0005600000000000001
508,0.075,0.8,1.5,0.00068
507,0.075,0.9,1.28,0.000544
506,0.075,1.0,1.24,0.0005200000000000001
505,0.0775,0.0,1.48,0.0006320000000000001
504,0.0775,0.1,1.36,0.0006160000000000001
503,0.0775,0.2,1.36,0.0006320000000000001
502,0.0775,0.3,1.48,0.00064
501,0.0775,0.4,1.42,0.0006320000000000001
500,0.0775,0.5,1.14,0.00045600000000000013
499,0.0775,0.6,1.34,0.0006240000000000001
498,0.0775,0.7,1.42,0.0006000000000000002
497,0.0775,0.8,1.52,0.00068
496,0.0775,0.9,1.48,0.0007120000000000002
495,0.0775,1.0,1.42,0.0006000000000000002
494,0.08,0.0,1.6,0.0007359999999999999
493,0.08,0.1,1.46,0.00064
492,0.08,0.2,1.46,0.000696
491,0.08,0.3,1.44,0.0005920000000000001
490,0.08,0.4,1.42,0.0006000000000000001
489,0.08,0.5,1.34,0.0005920000000000001
488,0.08,0.6,1.36,0.0005520000000000001
487,0.08,0.7,1.68,0.000824
486,0.08,0.8,1.32,0.0005520000000000001
485,0.08,0.9,2.3,0.001448
484,0.08,1.0,1.28,0.000528
483,0.0825,0.0,1.56,0.0006639999999999999
482,0.0825,0.1,1.36,0.000608
481,0.0825,0.2,1.9,0.00096
480,0.0825,0.3,1.26,0.0005280000000000001
479,0.0825,0.4,1.48,0.000664
478,0.0825,0.5,1.66,0.0008
477,0.0825,0.6,1.2,0.0004960000000000001
476,0.0825,0.7,1.5,0.000688
475,0.0825,0.8,1.74,0.0008640000000000001
474,0.0825,0.9,1.42,0.0006160000000000001
473,0.0825,1.0,2.12,0.001288
472,0.085,0.0,1.42,0.00064
471,0.085,0.1,1.68,0.0007840000000000001
470,0.085,0.2,1.84,0.00104
469,0.085,0.3,1.38,0.00064
468,0.085,0.4,1.46,0.000664
467,0.085,0.5,1.66,0.0007599999999999999
466,0.085,0.6,1.48,0.000712
465,0.085,0.7,1.48,0.0006799999999999999
464,0.085,0.8,1.4,0.0006079999999999999
463,0.085,0.9,1.5,0.0006480000000000001
462,0.085,1.0,1.8,0.0009519999999999998
461,0.0875,0.0,1.54,0.000672
460,0.0875,0.1,1.52,0.000688
459,0.0875,0.2,1.4,0.000576
458,0.0875,0.3,1.74,0.0007759999999999999
457,0.0875,0.4,1.58,0.000688
456,0.0875,0.5,2.06,0.00112
455,0.0875,0.6,1.36,0.0005760000000000001
454,0.0875,0.7,1.32,0.0005760000000000001
453,0.0875,0.8,1.32,0.0005760000000000001
452,0.0875,0.9,2.0,0.001008
451,0.0875,1.0,1.76,0.0008479999999999999
450,0.09,0.0,1.58,0.0008479999999999999
449,0.09,0.1,1.84,0.0008560000000000001
448,0.09,0.2,1.42,0.0006000000000000001
447,0.09,0.3,1.64,0.0007520000000000001
446,0.09,0.4,1.7,0.001
445,0.09,0.5,1.42,0.0006479999999999999
444,0.09,0.6,1.32,0.0005840000000000001
443,0.09,0.7,1.96,0.0010959999999999998
442,0.09,0.8,1.72,0.0008
441,0.09,0.9,1.42,0.0005840000000000001
440,0.09,1.0,1.32,0.0005840000000000001
439,0.0925,0.0,1.9,0.001008
438,0.0925,0.1,2.72,0.001616
437,0.0925,0.2,1.96,0.0009359999999999999
436,0.0925,0.3,1.9,0.0013359999999999997
435,0.0925,0.4,1.44,0.0006880000000000001
434,0.0925,0.5,2.18,0.001392
433,0.0925,0.6,2.16,0.0012719999999999997
432,0.0925,0.7,1.32,0.0005840000000000001
431,0.0925,0.8,1.78,0.000848
430,0.0925,0.9,1.56,0.000696
429,0.0925,1.0,1.62,0.0007199999999999999
428,0.095,0.0,1.34,0.000608
427,0.095,0.1,2.16,0.001264
426,0.095,0.2,1.76,0.0008560000000000001
425,0.095,0.3,1.58,0.0007679999999999999
424,0.095,0.4,1.94,0.0009599999999999999
423,0.095,0.5,2.1,0.0014000000000000002
422,0.095,0.6,1.58,0.0007199999999999999
421,0.095,0.7,1.56,0.0007199999999999999
420,0.095,0.8,1.98,0.001064
419,0.095,0.9,1.42,0.000664
418,0.095,1.0,2.3,0.001536
417,0.0975,0.0,2.04,0.0012079999999999999
416,0.0975,0.1,1.88,0.001024
415,0.0975,0.2,2.16,0.0013840000000000002
414,0.0975,0.3,2.02,0.001056
413,0.0975,0.4,2.22,0.0013040000000000003
412,0.0975,0.5,2.22,0.0014479999999999999
411,0.0975,0.6,1.34,0.000608
410,0.0975,0.7,1.9,0.0010800000000000002
409,0.0975,0.8,2.0,0.001032
408,0.0975,0.9,1.52,0.000728
407,0.0975,1.0,1.36,0.0005600000000000001
406,0.1,0.0,1.56,0.0007279999999999999
405,0.1,0.1,1.2,0.000544
404,0.1,0.2,1.6,0.0007039999999999999
403,0.1,0.3,1.36,0.0005920000000000001
402,0.1,0.4,1.4,0.000584
401,0.1,0.5,2.5,0.002136
400,0.1,0.6,1.88,0.0013359999999999997
399,0.1,0.7,3.46,0.002928
398,0.1,0.8,1.5,0.000664
397,0.1,0.9,2.76,0.001768
396,0.1,1.0,1.58,0.0007199999999999998
395,0.125,0.0,2.38,0.0017360000000000001
394,0.125,0.1,1.82,0.001352
393,0.125,0.2,3.02,0.0025439999999999994
392,0.125,0.3,3.14,0.002904
391,0.125,0.4,2.98,0.002664
390,0.125,0.5,2.04,0.001072
389,0.125,0.6,2.76,0.0021439999999999996
388,0.125,0.7,3.28,0.002736
387,0.125,0.8,2.06,0.0013599999999999999
386,0.125,0.9,2.26,0.001568
385,0.125,1.0,2.18,0.001384
384,0.15,0.0,5.26,0.005888000000000001
383,0.15,0.1,7.12,0.007832
382,0.15,0.2,3.44,0.0034
381,0.15,0.3,5.22,0.005208000000000001
380,0.15,0.4,4.36,0.004416000000000001
379,0.15,0.5,4.26,0.004399999999999999
378,0.15,0.6,3.06,0.002944
377,0.15,0.7,3.76,0.003544
376,0.15,0.8,3.54,0.003584
375,0.15,0.9,4.16,0.004096
374,0.15,1.0,5.42,0.00592
373,0.175,0.0,6.12,0.00768
372,0.175,0.1,4.72,0.005928000000000001
371,0.175,0.2,4.92,0.005816
370,0.175,0.3,5.94,0.007056
369,0.175,0.4,5.18,0.006264
368,0.175,0.5,5.76,0.007064
367,0.175,0.6,5.88,0.00752
366,0.175,0.7,6.9,0.008624
365,0.175,0.8,4.7,0.005600000000000001
364,0.175,0.9,7.1,0.009264000000000001
363,0.175,1.0,5.32,0.006919999999999999
362,0.2,0.0,6.26,0.009472000000000001
361,0.2,0.1,9.46,0.014456
360,0.2,0.2,7.76,0.010848
359,0.2,0.3,7.26,0.010111999999999996
358,0.2,0.4,8.94,0.013399999999999999
357,0.2,0.5,8.88,0.012063999999999998
356,0.2,0.6,7.32,0.011199999999999996
355,0.2,0.7,7.44,0.010695999999999999
354,0.2,0.8,7.38,0.011807999999999999
353,0.2,0.9,10.9,0.017623999999999997
352,0.2,1.0,6.24,0.008999999999999998
351,0.225,0.0,7.84,0.013616
350,0.225,0.1,10.0,0.017384
349,0.225,0.2,8.92,0.014840000000000002
348,0.225,0.3,8.64,0.014239999999999997
347,0.225,0.4,7.54,0.011607999999999999
346,0.225,0.5,8.98,0.013479999999999999
345,0.225,0.6,9.32,0.016071999999999996
344,0.225,0.7,7.1,0.010768
343,0.225,0.8,7.54,0.010856
342,0.225,0.9,8.4,0.013367999999999998
341,0.225,1.0,11.3,0.018776
340,0.25,0.0,9.88,0.01828
339,0.25,0.1,8.62,0.015776
338,0.25,0.2,11.34,0.019504
337,0.25,0.3,9.72,0.017632000000000002
336,0.25,0.4,9.8,0.017623999999999997
335,0.25,0.5,9.86,0.018456
334,0.25,0.6,12.16,0.020952000000000002
333,0.25,0.7,8.9,0.016503999999999998
332,0.25,0.8,9.68,0.017272
331,0.25,0.9,9.2,0.017143999999999996
330,0.25,1.0,10.46,0.018351999999999997
329,0.275,0.0,12.38,0.024112
328,0.275,0.1,10.28,0.021096
327,0.275,0.2,12.98,0.025255999999999997
326,0.275,0.3,8.32,0.016215999999999998
325,0.275,0.4,9.56,0.019871999999999997
324,0.275,0.5,10.6,0.020968
323,0.275,0.6,11.54,0.024399999999999998
322,0.275,0.7,10.14,0.0186
321,0.275,0.8,9.86,0.019719999999999998
320,0.275,0.9,9.36,0.020128
319,0.275,1.0,10.96,0.021703999999999998
318,0.3,0.0,11.04,0.022064
317,0.3,0.1,11.26,0.023544
316,0.3,0.2,10.3,0.02028
315,0.3,0.3,9.86,0.02012
314,0.3,0.4,10.38,0.022696000000000004
313,0.3,0.5,9.92,0.021928
312,0.3,0.6,10.86,0.023192
311,0.3,0.7,13.08,0.029256
310,0.3,0.8,11.54,0.024096000000000003
309,0.3,0.9,11.44,0.023327999999999998
308,0.3,1.0,11.68,0.023368000000000003
307,0.325,0.0,10.64,0.024776000000000003
306,0.325,0.1,12.52,0.02756
305,0.325,0.2,12.5,0.031200000000000002
304,0.325,0.3,12.08,0.028856000000000003
303,0.325,0.4,10.84,0.024448000000000004
302,0.325,0.5,13.74,0.031648
301,0.325,0.6,11.12,0.024703999999999997
300,0.325,0.7,11.58,0.026344000000000003
299,0.325,0.8,12.82,0.030352
298,0.325,0.9,10.26,0.023424
297,0.325,1.0,13.0,0.028664000000000005
296,0.35,0.0,13.56,0.031896
295,0.35,0.1,11.36,0.030144
294,0.35,0.2,13.28,0.031703999999999996
293,0.35,0.3,11.9,0.031048
292,0.35,0.4,11.22,0.027152
291,0.35,0.5,12.06,0.030216
290,0.35,0.6,12.24,0.029592
289,0.35,0.7,10.98,0.0264
288,0.35,0.8,11.0,0.027312
287,0.35,0.9,11.26,0.025608
286,0.35,1.0,10.18,0.025888000000000005
285,0.375,0.0,11.12,0.028792000000000005
284,0.375,0.1,11.46,0.030336000000000002
283,0.375,0.2,12.66,0.03272
282,0.375,0.3,11.24,0.027960000000000002
281,0.375,0.4,11.8,0.030248
280,0.375,0.5,8.68,0.021792
279,0.375,0.6,8.86,0.023327999999999998
278,0.375,0.7,12.26,0.032808000000000004
277,0.375,0.8,10.88,0.026327999999999997
276,0.375,0.9,13.1,0.031920000000000004
275,0.375,1.0,13.02,0.034168
274,0.4,0.0,12.64,0.034312
273,0.4,0.1,12.04,0.03348
272,0.4,0.2,11.78,0.03357600000000001
271,0.4,0.3,11.34,0.03196000000000001
270,0.4,0.4,11.14,0.033560000000000006
269,0.4,0.5,11.68,0.031224000000000002
268,0.4,0.6,12.92,0.035
267,0.4,0.7,11.58,0.029648000000000004
266,0.4,0.8,11.98,0.030112000000000007
265,0.4,0.9,13.14,0.03189600000000001
264,0.4,1.0,10.62,0.029568000000000004
263,0.425,0.0,12.2,0.032760000000000004
262,0.425,0.1,10.5,0.031224000000000002
261,0.425,0.2,11.52,0.032760000000000004
260,0.425,0.3,10.84,0.030336000000000002
259,0.425,0.4,12.78,0.035616
258,0.425,0.5,11.74,0.033504000000000006
257,0.425,0.6,12.14,0.03592000000000001
256,0.425,0.7,11.68,0.030383999999999998
255,0.425,0.8,12.16,0.034296
254,0.425,0.9,11.74,0.031248000000000005
253,0.425,1.0,10.72,0.031056000000000004
252,0.45,0.0,9.9,0.03204800000000001
251,0.45,0.1,11.72,0.0328
250,0.45,0.2,11.4,0.033544
249,0.45,0.3,11.4,0.036584
248,0.45,0.4,10.76,0.032144000000000006
247,0.45,0.5,11.48,0.032768
246,0.45,0.6,11.72,0.032744
245,0.45,0.7,11.6,0.035104
244,0.45,0.8,11.82,0.035072000000000006
243,0.45,0.9,12.14,0.035912
242,0.45,1.0,11.7,0.035128000000000006
241,0.475,0.0,11.28,0.03503200000000001
240,0.475,0.1,12.62,0.03744800000000001
239,0.475,0.2,11.44,0.035168000000000005
238,0.475,0.3,10.62,0.033592000000000004
237,0.475,0.4,9.78,0.03122400000000001
236,0.475,0.5,10.54,0.036728000000000004
235,0.475,0.6,12.02,0.03518400000000001
234,0.475,0.7,11.04,0.03284
233,0.475,0.8,11.88,0.03832000000000001
232,0.475,0.9,11.0,0.033568
231,0.475,1.0,12.08,0.035936
230,0.5,0.0,9.6,0.034288000000000006
229,0.5,0.1,11.8,0.03756
228,0.5,0.2,11.12,0.033600000000000005
227,0.5,0.3,11.34,0.036768
226,0.5,0.4,10.94,0.0352
225,0.5,0.5,10.06,0.03436800000000001
224,0.5,0.6,11.26,0.035120000000000005
223,0.5,0.7,10.08,0.035207999999999996
222,0.5,0.8,10.32,0.032783999999999994
221,0.5,0.9,10.66,0.035168
220,0.5,1.0,10.32,0.035208
219,0.525,0.0,10.08,0.034392000000000006
218,0.525,0.1,10.96,0.037544
217,0.525,0.2,10.8,0.035176
216,0.525,0.3,10.94,0.03596
215,0.525,0.4,10.96,0.03664800000000001
214,0.525,0.5,10.0,0.03672
213,0.525,0.6,10.88,0.03672
212,0.525,0.7,10.24,0.03436
211,0.525,0.8,11.76,0.037544
210,0.525,0.9,11.28,0.037568000000000004
209,0.525,1.0,10.3,0.037480000000000006
208,0.55,0.0,11.54,0.03760000000000001
207,0.55,0.1,11.28,0.036032
206,0.55,0.2,9.9,0.0352
205,0.55,0.3,10.12,0.03598400000000001
204,0.55,0.4,11.12,0.037568000000000004
203,0.55,0.5,10.44,0.03751200000000001
202,0.55,0.6,12.12,0.037496
201,0.55,0.7,10.22,0.038400000000000004
200,0.55,0.8,11.02,0.036736000000000005
199,0.55,0.9,10.86,0.038408000000000005
198,0.55,1.0,10.9,0.035992
197,0.575,0.0,10.32,0.037616000000000004
196,0.575,0.1,10.58,0.038400000000000004
195,0.575,0.2,11.06,0.037488
194,0.575,0.3,10.24,0.037576000000000005
193,0.575,0.4,9.54,0.038360000000000005
192,0.575,0.5,10.6,0.037504
191,0.575,0.6,9.64,0.038368
190,0.575,0.7,11.38,0.03921600000000001
189,0.575,0.8,11.04,0.039168
188,0.575,0.9,10.74,0.03916
187,0.575,1.0,9.82,0.03676
186,0.6,0.0,10.22,0.037599999999999995
185,0.6,0.1,10.14,0.038376
184,0.6,0.2,11.26,0.039136000000000004
183,0.6,0.3,10.4,0.037616000000000004
182,0.6,0.4,11.14,0.03748800000000001
181,0.6,0.5,10.54,0.037672
180,0.6,0.6,10.54,0.03833600000000001
179,0.6,0.7,11.1,0.037584
178,0.6,0.8,10.36,0.03839200000000001
177,0.6,0.9,10.38,0.037472000000000005
176,0.6,1.0,10.22,0.036824
175,0.625,0.0,10.98,0.038432
174,0.625,0.1,9.86,0.038384
173,0.625,0.2,9.32,0.035936
172,0.625,0.3,10.54,0.038384
171,0.625,0.4,11.28,0.03832800000000001
170,0.625,0.5,9.8,0.0368
169,0.625,0.6,10.96,0.039176
168,0.625,0.7,10.46,0.039928000000000005
167,0.625,0.8,11.34,0.039168
166,0.625,0.9,10.92,0.038384
165,0.625,1.0,9.44,0.037568000000000004
164,0.65,0.0,11.4,0.039144000000000005
163,0.65,0.1,11.66,0.039152000000000006
162,0.65,0.2,9.22,0.036024
161,0.65,0.3,11.12,0.039152000000000006
160,0.65,0.4,9.48,0.039184000000000004
159,0.65,0.5,10.44,0.039968000000000004
158,0.65,0.6,10.06,0.039192
157,0.65,0.7,10.44,0.036784000000000004
156,0.65,0.8,10.24,0.039976000000000005
155,0.65,0.9,9.68,0.039176
154,0.65,1.0,10.04,0.039976000000000005
153,0.675,0.0,10.9,0.03833600000000001
152,0.675,0.1,10.26,0.03996
151,0.675,0.2,9.86,0.039984
150,0.675,0.3,9.92,0.038416000000000006
149,0.675,0.4,9.84,0.038368000000000006
148,0.675,0.5,9.7,0.039984
147,0.675,0.6,9.7,0.039976000000000005
146,0.675,0.7,9.58,0.039976000000000005
145,0.675,0.8,10.02,0.039184000000000004
144,0.675,0.9,10.32,0.03920800000000001
143,0.675,1.0,9.18,0.039184000000000004
142,0.7,0.0,9.88,0.039984
141,0.7,0.1,9.24,0.039168
140,0.7,0.2,9.02,0.036816
139,0.7,0.3,9.1,0.038416000000000006
138,0.7,0.4,9.34,0.037552
137,0.7,0.5,9.54,0.039992
136,0.7,0.6,10.72,0.039168
135,0.7,0.7,9.62,0.039992
134,0.7,0.8,10.3,0.038400000000000004
133,0.7,0.9,10.3,0.039192
132,0.7,1.0,9.94,0.03996
131,0.725,0.0,9.58,0.039200000000000006
130,0.725,0.1,9.68,0.039192000000000005
129,0.725,0.2,10.68,0.039976000000000005
128,0.725,0.3,9.94,0.03996
127,0.725,0.4,9.74,0.039192000000000005
126,0.725,0.5,9.64,0.039168
125,0.725,0.6,10.16,0.039968000000000004
124,0.725,0.7,9.9,0.039192
123,0.725,0.8,9.9,0.039976000000000005
122,0.725,0.9,9.58,0.03996
121,0.725,1.0,9.12,0.04
120,0.75,0.0,9.32,0.039992
119,0.75,0.1,9.22,0.03994400000000001
118,0.75,0.2,9.28,0.039976000000000005
117,0.75,0.3,8.8,0.039976000000000005
116,0.75,0.4,10.7,0.04
115,0.75,0.5,11.0,0.039992
114,0.75,0.6,10.18,0.03996
113,0.75,0.7,10.26,0.039992
112,0.75,0.8,10.2,0.039992
111,0.75,0.9,9.2,0.039968000000000004
110,0.75,1.0,9.28,0.03920800000000001
109,0.775,0.0,9.66,0.039992
108,0.775,0.1,10.34,0.04
107,0.775,0.2,9.58,0.039984
106,0.775,0.3,9.58,0.039184000000000004
105,0.775,0.4,8.6,0.04
104,0.775,0.5,9.6,0.039976000000000005
103,0.775,0.6,9.32,0.039984
102,0.775,0.7,9.74,0.039992
101,0.775,0.8,10.04,0.039992
100,0.775,0.9,9.08,0.039936
99,0.775,1.0,11.22,0.039976000000000005
98,0.8,0.0,9.14,0.04
97,0.8,0.1,9.48,0.039992
96,0.8,0.2,8.6,0.03920800000000001
95,0.8,0.3,9.92,0.039184000000000004
94,0.8,0.4,8.84,0.038416000000000006
93,0.8,0.5,9.3,0.039992
92,0.8,0.6,8.72,0.039992
91,0.8,0.7,8.54,0.04
90,0.8,0.8,8.92,0.039992
89,0.8,0.9,9.2,0.03920800000000001
88,0.8,1.0,9.78,0.039200000000000006
87,0.825,0.0,9.12,0.04
86,0.825,0.1,9.26,0.04
85,0.825,0.2,9.26,0.039992
84,0.825,0.3,9.08,0.039992
83,0.825,0.4,9.3,0.04
82,0.825,0.5,9.26,0.04
81,0.825,0.6,8.86,0.039992
80,0.825,0.7,8.96,0.04
79,0.825,0.8,9.52,0.039976000000000005
78,0.825,0.9,9.62,0.038408000000000005
77,0.825,1.0,8.54,0.04
76,0.85,0.0,10.26,0.039992
75,0.85,0.1,10.46,0.039976000000000005
74,0.85,0.2,9.26,0.04
73,0.85,0.3,8.44,0.039992
72,0.85,0.4,9.56,0.03920800000000001
71,0.85,0.5,8.74,0.04
70,0.85,0.6,10.14,0.039992
69,0.85,0.7,9.6,0.04
68,0.85,0.8,9.14,0.039992
67,0.85,0.9,9.78,0.039984
66,0.85,1.0,9.6,0.039992
65,0.875,0.0,8.64,0.039992
64,0.875,0.1,9.7,0.04
63,0.875,0.2,8.66,0.039992
62,0.875,0.3,8.54,0.04
61,0.875,0.4,9.58,0.039992
60,0.875,0.5,9.26,0.039992
59,0.875,0.6,9.14,0.04
58,0.875,0.7,9.2,0.039992
57,0.875,0.8,9.74,0.039992
56,0.875,0.9,8.42,0.04
55,0.875,1.0,9.76,0.039968000000000004
54,0.9,0.0,9.1,0.04
53,0.9,0.1,10.38,0.04
52,0.9,0.2,8.36,0.04
51,0.9,0.3,9.62,0.039984
50,0.9,0.4,10.16,0.039992
49,0.9,0.5,8.68,0.039992
48,0.9,0.6,8.66,0.04
47,0.9,0.7,9.58,0.04
46,0.9,0.8,9.26,0.04
45,0.9,0.9,9.66,0.039992
44,0.9,1.0,9.64,0.03920800000000001
43,0.925,0.0,9.62,0.04
42,0.925,0.1,8.02,0.039992
41,0.925,0.2,7.82,0.04
40,0.925,0.3,9.98,0.04
39,0.925,0.4,9.2,0.04
38,0.925,0.5,9.52,0.04
37,0.925,0.6,8.94,0.04
36,0.925,0.7,9.14,0.039992
35,0.925,0.8,9.52,0.039992
34,0.925,0.9,9.42,0.04
33,0.925,1.0,8.4,0.04
32,0.95,0.0,8.98,0.039992
31,0.95,0.1,9.5,0.04
30,0.95,0.2,9.18,0.04
29,0.95,0.3,10.1,0.04
28,0.95,0.4,8.7,0.04
27,0.95,0.5,8.26,0.04
26,0.95,0.6,8.66,0.04
25,0.95,0.7,8.6,0.04
24,0.95,0.8,9.88,0.04
23,0.95,0.9,8.54,0.04
22,0.95,1.0,9.46,0.04
21,0.975,0.0,9.28,0.039992
20,0.975,0.1,8.5,0.04
19,0.975,0.2,8.96,0.04
18,0.975,0.3,8.2,0.04
17,0.975,0.4,9.76,0.04
16,0.975,0.5,9.7,0.04
15,0.975,0.6,9.1,0.04
14,0.975,0.7,9.46,0.04
13,0.975,0.8,10.04,0.04
12,0.975,0.9,8.48,0.04
11,0.975,1.0,8.84,0.04
10,1.0,0.0,8.36,0.04
9,1.0,0.1,8.64,0.04
8,1.0,0.2,9.34,0.04
7,1.0,0.3,9.32,0.04
6,1.0,0.4,9.44,0.04
5,1.0,0.5,9.6,0.04
4,1.0,0.6,8.04,0.04
3,1.0,0.7,8.54,0.04
2,1.0,0.8,9.48,0.04
1,1.0,0.9,8.34,0.04
0,1.0,1.0,9.22,0.04
